div,tarih_uk,ev,dep,tarih,tahmin,ust_alt,p1,pX,p2,pU,deger
EC,2026-09-30,Eastleigh,Southend,2026-09-30,2,Ü2.5,0.24,0.22,0.54,0.546,
EC,2026-09-30,Tamworth,Sutton,2026-09-30,1,Ü2.5,0.398,0.257,0.345,0.523,
SP2,2026-10-02,Eldense,Oviedo,2026-10-02,1,A2.5,0.388,0.328,0.284,0.382,
E3,2026-10-03,Chesterfield,Tranmere,2026-10-03,1,Ü2.5,0.557,0.258,0.185,0.603,
SP2,2026-10-03,Albacete,Eibar,2026-10-03,1,Ü2.5,0.368,0.287,0.345,0.534,
EC,2026-10-03,Aldershot,Carlisle,2026-10-03,2,Ü2.5,0.274,0.217,0.508,0.63,
EC,2026-10-03,Barrow,Wealdstone,2026-10-03,1,Ü2.5,0.529,0.219,0.252,0.587,
EC,2026-10-03,Boreham Wood,Altrincham,2026-10-03,1,Ü2.5,0.758,0.127,0.115,0.671,
EC,2026-10-03,Eastleigh,Woking,2026-10-03,2,Ü2.5,0.328,0.241,0.431,0.548,
EC,2026-10-03,Gateshead,Worthing,2026-10-03,2,Ü2.5,0.16,0.19,0.65,0.559,A@2.45
EC,2026-10-03,Harrogate,Hornchurch,2026-10-03,1,Ü2.5,0.626,0.204,0.17,0.538,
EC,2026-10-03,Hartlepool,Tamworth,2026-10-03,1,Ü2.5,0.439,0.232,0.329,0.524,A@2.27
EC,2026-10-03,Kidderminster,Sutton,2026-10-03,1,A2.5,0.38,0.261,0.36,0.416,
EC,2026-10-03,Solihull,Halifax,2026-10-03,1,Ü2.5,0.388,0.257,0.354,0.596,
EC,2026-10-03,Southend,Fylde,2026-10-03,1,Ü2.5,0.59,0.187,0.222,0.659,
EC,2026-10-03,Yeovil,Boston Utd,2026-10-03,1,Ü2.5,0.526,0.215,0.259,0.571,
E2,2026-10-03,Burton,Huddersfield,2026-10-03,2,Ü2.5,0.211,0.276,0.513,0.524,
E2,2026-10-03,Leyton Orient,Plymouth,2026-10-03,2,Ü2.5,0.234,0.271,0.495,0.586,
E2,2026-10-03,Reading,Bradford,2026-10-03,1,A2.5,0.414,0.302,0.284,0.485,
E3,2026-10-03,Accrington,Cheltenham,2026-10-03,1,Ü2.5,0.423,0.275,0.302,0.528,
E3,2026-10-03,Crewe,Bristol Rvs,2026-10-03,2,Ü2.5,0.306,0.265,0.43,0.52,
E3,2026-10-03,Exeter,Rotherham,2026-10-03,2,Ü2.5,0.348,0.278,0.375,0.515,
E3,2026-10-03,Gillingham,Newport County,2026-10-03,1,A2.5,0.459,0.284,0.257,0.492,
E3,2026-10-03,Grimsby,Shrewsbury,2026-10-03,1,Ü2.5,0.562,0.245,0.193,0.554,
E3,2026-10-03,Rochdale,Swindon,2026-10-03,1,Ü2.5,0.396,0.282,0.323,0.534,
E3,2026-10-03,Salford,Fleetwood Town,2026-10-03,1,Ü2.5,0.553,0.261,0.187,0.579,
SC1,2026-10-03,Livingston,Ayr,2026-10-03,1,Ü2.5,0.632,0.201,0.168,0.55,
SC1,2026-10-03,Morton,Raith Rvs,2026-10-03,2,A2.5,0.143,0.213,0.644,0.468,
SC1,2026-10-03,Partick,Arbroath,2026-10-03,1,Ü2.5,0.739,0.153,0.109,0.518,
SP2,2026-10-03,Almeria,Burgos,2026-10-03,1,Ü2.5,0.599,0.247,0.154,0.521,
SP2,2026-10-03,Cadiz,Leganes,2026-10-03,2,A2.5,0.304,0.324,0.372,0.429,
SP2,2026-10-03,Sabadell,Andorra,2026-10-03,1,A2.5,0.449,0.331,0.22,0.424,
SP2,2026-10-04,Sociedad B,Granada,2026-10-04,1,A2.5,0.352,0.3,0.347,0.482,
SP2,2026-10-04,Sp Gijon,Celta B,2026-10-04,1,Ü2.5,0.614,0.231,0.155,0.556,
SP2,2026-10-04,Castellon,Ceuta,2026-10-04,1,Ü2.5,0.782,0.142,0.076,0.707,
SP2,2026-10-04,Las Palmas,Valladolid,2026-10-04,1,A2.5,0.409,0.301,0.29,0.473,
SP2,2026-10-04,Girona,Mallorca,2026-10-04,1,Ü2.5,0.395,0.299,0.306,0.556,
SP2,2026-10-05,Cordoba,Tenerife,2026-10-05,1,A2.5,0.466,0.298,0.235,0.474,
